episode, reward, steps done0,-5.0,164
0,-4.0,131
10,-5.0,1516
0,-5.0,125
10,-5.0,1519
20,-5.0,2935
30,-5.0,4422
40,-5.0,5864
50,-5.0,7232
60,-5.0,8748
70,-5.0,10116
80,-5.0,11671
90,-5.0,13044
100,-3.0,14462
110,-5.0,16105
120,-5.0,17643
130,-4.0,19107
140,-5.0,20598
150,-5.0,22069
160,-5.0,23622
170,-5.0,25127
180,-5.0,26693
190,-5.0,28226
200,-5.0,29871
210,-5.0,31415
220,-5.0,32788
230,-5.0,34324
240,-5.0,35925
250,-5.0,37351
260,-5.0,38891
270,-5.0,40398
280,-5.0,42112
290,-5.0,43579
300,-5.0,45109
310,-5.0,46565
320,-5.0,48445
330,-5.0,49890
340,-5.0,51437
350,-5.0,52970
360,-5.0,54535
370,-5.0,55941
380,-5.0,57297
390,-5.0,58935
400,-5.0,60597
410,-5.0,62201
420,-5.0,63739
430,-5.0,65082
440,-5.0,66594
450,-5.0,68439
460,-5.0,69945
470,-5.0,71409
480,-5.0,72945
490,-5.0,74719
500,-5.0,76306
510,-5.0,77669
520,-5.0,79276
530,-5.0,80834
540,-5.0,82444
550,-4.0,83892
560,-5.0,85352
570,-5.0,87120
580,-5.0,88557
590,-5.0,90159
600,-5.0,91774
610,-5.0,93211
620,-5.0,94758
630,-5.0,96418
640,-5.0,98118
650,-5.0,99637
660,-4.0,101319
670,-5.0,102806
680,-4.0,104289
690,-5.0,105719
700,-5.0,107177
710,-5.0,108830
720,-5.0,110346
730,-5.0,111902
740,-5.0,113444
750,-3.0,115080
760,-5.0,116459
770,-5.0,117909
780,-5.0,119421
790,-5.0,121003
800,-5.0,122588
810,-5.0,124064
820,-5.0,125696
830,-5.0,127346
840,-4.0,128893
850,-5.0,130658
860,-5.0,132139
870,-5.0,133738
880,-5.0,135218
890,-5.0,136965
900,-4.0,138491
910,-3.0,139926
920,-5.0,141559
930,-5.0,143017
940,-4.0,144572
950,-5.0,146094
960,-5.0,147585
970,-5.0,149212
980,-4.0,150903
990,-5.0,152459
1000,-5.0,154139
1010,-5.0,155758
1020,-5.0,157272
1030,-5.0,158878
1040,-5.0,160416
1050,-5.0,161924
1060,-5.0,163589
1070,-5.0,165404
1080,-5.0,166903
1090,-4.0,168544
1100,-5.0,170180
1110,-5.0,171770
1120,-5.0,173168
1130,-5.0,174871
0,-5.0,122
10,-4.0,1898
20,-5.0,3396
30,-5.0,4851
40,-5.0,6354
50,-5.0,7799
60,-5.0,9475
70,-5.0,10936
80,-5.0,12325
0,-5.0,135
90,-5.0,13794
100,-5.0,15469
0,-5.0,140
110,-5.0,16987
120,-4.0,18598
130,-5.0,20068
140,-5.0,21619
0,-5.0,159
10,-5.0,1615
20,-5.0,3145
30,-4.0,4608
40,-5.0,6347
50,-5.0,7736
60,-5.0,9205
70,-5.0,10884
80,-5.0,12452
90,-5.0,14056
100,-5.0,15510
110,-5.0,17080
120,-5.0,18654
130,-5.0,20150
140,-5.0,21621
150,-5.0,23192
160,-5.0,24642
170,-5.0,26112
180,-5.0,27710
190,-3.0,29434
200,-3.0,31196
210,-5.0,32924
220,-5.0,34473
230,-5.0,36064
240,-5.0,37571
250,-5.0,39013
260,-5.0,40398
270,-4.0,42090
280,-5.0,43530
290,-5.0,44984
300,-5.0,46533
310,-5.0,48090
320,-5.0,49712
330,-5.0,51325
340,-4.0,52701
350,-5.0,54145
360,-5.0,55588
370,-5.0,57197
380,-5.0,58721
390,-5.0,60110
400,-5.0,61615
410,-5.0,63049
420,-5.0,64608
430,-4.0,66365
440,-5.0,67995
450,-4.0,69680
460,-4.0,71175
470,-5.0,72687
480,-5.0,74352
490,-5.0,75863
500,-4.0,77455
510,-5.0,78873
520,-5.0,80357
530,-5.0,81816
540,-5.0,83481
550,-4.0,84903
560,-5.0,86542
570,-5.0,88209
580,-4.0,89658
590,-5.0,91304
600,-5.0,92826
610,-5.0,94294
620,-5.0,95907
630,-5.0,97247
640,-5.0,98773
650,-5.0,100284
660,-5.0,101610
670,-5.0,103203
680,-5.0,104713
690,-5.0,106230
700,-4.0,107858
710,-5.0,109372
720,-5.0,110842
730,-5.0,112474
740,-5.0,113901
750,-5.0,115464
760,-5.0,116929
770,-5.0,118546
780,-5.0,120016
790,-5.0,121480
800,-5.0,123239
810,-5.0,124891
820,-5.0,126440
830,-5.0,128031
840,-5.0,129693
850,-5.0,131205
860,-5.0,132708
870,-5.0,134211
880,-5.0,135584
890,-5.0,137216
900,-5.0,138653
910,-5.0,140210
920,-5.0,141845
930,-5.0,143178
940,-5.0,144535
950,-5.0,145869
960,-5.0,147431
970,-4.0,148989
980,-5.0,150406
990,-4.0,151829
1000,-5.0,153390
1010,-5.0,155208
1020,-5.0,156661
1030,-5.0,158303
1040,-5.0,159757
1050,-5.0,161294
1060,-5.0,162858
1070,-5.0,164533
1080,-5.0,166222
1090,-4.0,167705
1100,-5.0,169455
1110,-5.0,171066
1120,-5.0,172678
1130,-5.0,174250
1140,-5.0,175964
1150,-5.0,177402
1160,-4.0,179013
1170,-5.0,180772
1180,-5.0,182201
1190,-5.0,183821
1200,-4.0,185332
1210,-5.0,186871
1220,-5.0,188438
1230,-5.0,189833
1240,-5.0,191347
1250,-5.0,192757
1260,-2.0,194487
1270,-5.0,195784
1280,-5.0,197231
1290,-4.0,198592
1300,-5.0,200137
1310,-5.0,201542
1320,-5.0,203397
1330,-5.0,205004
1340,-5.0,206544
1350,-5.0,207991
1360,-5.0,209493
1370,-5.0,211012
1380,-5.0,212777
1390,-5.0,214203
1400,-3.0,215835
1410,-5.0,217598
1420,-5.0,219180
1430,-5.0,220629
1440,-5.0,222139
1450,-5.0,223740
1460,-5.0,225216
1470,-4.0,226883
1480,-5.0,228584
1490,-5.0,230105
1500,-4.0,231519
1510,-5.0,232998
1520,-4.0,234630
1530,-5.0,236210
1540,-5.0,237871
1550,-5.0,239527
1560,-5.0,241088
1570,-5.0,242420
1580,-5.0,243896
1590,-5.0,245395
1600,-4.0,246836
1610,-5.0,248545
1620,-5.0,250123
1630,-5.0,251762
1640,-5.0,253272
1650,-5.0,254876
1660,-5.0,256241
1670,-5.0,257691
1680,-5.0,259430
1690,-5.0,261119
1700,-5.0,262583
1710,-5.0,264222
1720,-5.0,265832
1730,-4.0,267573
1740,-4.0,269041
1750,-5.0,270471
1760,-5.0,271760
1770,-5.0,273226
1780,-5.0,274638
1790,-5.0,276250
1800,-3.0,277879
1810,-5.0,279290
1820,-5.0,280718
1830,-5.0,282321
1840,-5.0,283913
1850,-5.0,285649
1860,-5.0,287124
1870,-5.0,288674
1880,-5.0,290305
1890,-5.0,291858
1900,-5.0,293534
1910,-5.0,295203
1920,-5.0,296809
1930,-4.0,298510
1940,-5.0,299994
1950,-5.0,301431
1960,-5.0,302958
1970,-5.0,304406
1980,-5.0,305983
1990,-5.0,307569
2000,-4.0,309055
2010,-5.0,310545
2020,-4.0,312228
2030,-4.0,314067
2040,-5.0,315593
2050,-5.0,317219
2060,-5.0,318763
2070,-5.0,320168
2080,-5.0,321587
2090,-4.0,323113
2100,-5.0,324550
2110,-5.0,326151
2120,-5.0,327765
2130,-5.0,329321
2140,-5.0,330894
2150,-4.0,332462
2160,-5.0,333995
2170,-5.0,335441
2180,-5.0,336994
2190,-5.0,338606
2200,-5.0,340461
2210,-5.0,342065
2220,-5.0,343619
2230,-5.0,345152
2240,-5.0,346738
2250,-5.0,348477
2260,-4.0,350039
2270,-5.0,351507
2280,-5.0,353050
2290,-5.0,354526
2300,-5.0,356090
2310,-5.0,357500
2320,-5.0,359004
2330,-5.0,360547
2340,-4.0,362184
2350,-5.0,363814
2360,-5.0,365337
2370,-5.0,366876
2380,-5.0,368324
2390,-5.0,369793
2400,-5.0,371426
2410,-4.0,372951
2420,-5.0,374408
2430,-5.0,376078
2440,-5.0,377802
2450,-5.0,379239
2460,-5.0,380888
2470,-5.0,382512
2480,-5.0,383951
2490,-5.0,385794
2500,-5.0,387444
2510,-5.0,389168
2520,-5.0,390846
2530,-5.0,392383
2540,-5.0,393915
2550,-5.0,395516
2560,-5.0,397161
2570,-5.0,398677
2580,-4.0,400416
2590,-5.0,401834
2600,-4.0,403674
2610,-5.0,405126
2620,-3.0,406795
2630,-5.0,408303
2640,-5.0,410016
2650,-5.0,411597
2660,-5.0,413046
2670,-5.0,414361
2680,-5.0,415910
2690,-5.0,417651
2700,-5.0,419181
2710,-5.0,420744
2720,-5.0,422433
2730,-4.0,424100
2740,-5.0,425655
2750,-5.0,427279
2760,-5.0,428865
2770,-5.0,430383
2780,-5.0,431777
2790,-5.0,433189
2800,-5.0,434779
2810,-4.0,436381
2820,-4.0,437917
2830,-5.0,439501
2840,-5.0,440981
2850,-5.0,442612
2860,-5.0,444280
2870,-5.0,445877
2880,-5.0,447220
2890,-5.0,448702
2900,-5.0,450172
2910,-5.0,451650
2920,-4.0,453101
2930,-5.0,454641
2940,-5.0,456106
2950,-5.0,457592
2960,-5.0,459025
2970,-5.0,460505
2980,-5.0,462020
2990,-5.0,463638
3000,-5.0,465006
3010,-5.0,466406
3020,-5.0,468152
3030,-5.0,469856
3040,-4.0,471407
3050,-5.0,472938
3060,-5.0,474421
3070,-5.0,476052
3080,-5.0,477476
3090,-5.0,478949
3100,-5.0,480499
3110,-5.0,481923
3120,-5.0,483645
3130,-5.0,485006
3140,-5.0,486546
3150,-4.0,488089
3160,-5.0,489694
3170,-5.0,491389
3180,-5.0,493009
3190,-5.0,494565
3200,-4.0,496204
3210,-5.0,497792
3220,-5.0,499322
3230,-5.0,500873
3240,-5.0,502366
3250,-5.0,504090
3260,-5.0,505490
3270,-5.0,507011
3280,-5.0,508317
3290,-4.0,509872
3300,-5.0,511386
3310,-4.0,513102
3320,-5.0,514618
3330,-5.0,516375
3340,-5.0,517892
3350,-5.0,519630
3360,-5.0,521169
3370,-4.0,522917
3380,-5.0,524547
3390,-5.0,526087
3400,-5.0,527739
3410,-5.0,529275
3420,-4.0,530841
3430,-5.0,532297
3440,-5.0,533852
3450,-5.0,535293
3460,-5.0,536970
3470,-5.0,538637
3480,-5.0,539927
3490,-4.0,541548
3500,-5.0,543090
3510,-5.0,544465
3520,-5.0,546079
3530,-4.0,547622
3540,-5.0,549100
3550,-5.0,550447
3560,-4.0,552023
3570,-5.0,553562
3580,-5.0,555107
3590,-5.0,557021
3600,-5.0,558574
3610,-5.0,560123
3620,-5.0,561815
3630,-5.0,563377
3640,-5.0,564813
3650,-5.0,566302
3660,-5.0,567765
3670,-4.0,569274
3680,-5.0,570899
3690,-5.0,572403
3700,-4.0,574097
3710,-4.0,575582
3720,-5.0,577220
3730,-4.0,578844
3740,-5.0,580475
3750,-5.0,582140
3760,-5.0,583666
3770,-5.0,585204
3780,-5.0,586773
3790,-5.0,588138
3800,-4.0,589619
3810,-5.0,591253
3820,-4.0,592694
3830,-4.0,594389
3840,-5.0,595878
3850,-5.0,597627
3860,-5.0,599162
3870,-5.0,600617
3880,-5.0,602138
3890,-5.0,603639
3900,-5.0,605191
3910,-5.0,607013
3920,-5.0,608623
3930,-5.0,610270
3940,-3.0,611909
3950,-5.0,613455
3960,-5.0,615111
3970,-5.0,616780
3980,-5.0,618201
3990,-5.0,619688
4000,-5.0,621188
4010,-5.0,622695
4020,-5.0,624163
4030,-5.0,625617
4040,-5.0,627260
4050,-5.0,628704
4060,-5.0,630554
4070,-5.0,632022
4080,-5.0,633734
4090,-5.0,635448
4100,-5.0,637055
4110,-5.0,638685
4120,-3.0,640096
4130,-5.0,641701
4140,-5.0,643356
4150,-5.0,644883
4160,-5.0,646350
4170,-5.0,647827
4180,-5.0,649406
4190,-5.0,650879
4200,-5.0,652674
4210,-4.0,654290
4220,-5.0,655766
4230,-5.0,657349
4240,-5.0,658857
4250,-4.0,660403
4260,-5.0,661919
4270,-5.0,663494
4280,-5.0,665249
4290,-5.0,666656
4300,-5.0,668227
4310,-4.0,669988
4320,-2.0,671576
4330,-5.0,673100
4340,-5.0,674634
4350,-5.0,676104
4360,-4.0,677675
4370,-4.0,679262
4380,-5.0,680823
4390,-4.0,682532
4400,-5.0,684031
4410,-5.0,685663
4420,-5.0,687170
4430,-5.0,688532
4440,-5.0,690226
4450,-4.0,691911
4460,-4.0,693361
4470,-5.0,694970
4480,-4.0,696526
4490,-5.0,698320
4500,-5.0,699756
4510,-5.0,701465
4520,-4.0,703103
4530,-5.0,704791
4540,-5.0,706406
4550,-5.0,708092
4560,-5.0,709627
4570,-5.0,711054
4580,-5.0,712646
4590,-5.0,714198
4600,-5.0,715845
4610,-5.0,717274
4620,-5.0,718965
4630,-5.0,720511
4640,-4.0,722090
4650,-5.0,723686
4660,-5.0,725464
4670,-5.0,727003
4680,-5.0,728438
4690,-4.0,729902
4700,-5.0,731643
4710,-5.0,733074
4720,-5.0,734670
4730,-5.0,736242
4740,-5.0,737914
4750,-5.0,739527
4760,-5.0,741146
4770,-5.0,742554
4780,-5.0,744200
4790,-5.0,745829
4800,-5.0,747379
4810,-5.0,749059
4820,-5.0,750809
4830,-5.0,752530
4840,-5.0,754182
4850,-5.0,755852
4860,-5.0,757456
4870,-5.0,759082
4880,-5.0,760806
4890,-5.0,762520
4900,-5.0,764044
4910,-5.0,765595
4920,-5.0,767291
4930,-5.0,768847
4940,-5.0,770606
4950,-5.0,772206
4960,-5.0,773836
4970,-5.0,775366
4980,-5.0,777042
4990,-4.0,778565
5000,-5.0,780177
5010,-5.0,781880
5020,-5.0,783319
5030,-5.0,784716
5040,-4.0,786401
5050,-5.0,788013
5060,-5.0,789542
5070,-5.0,791236
5080,-5.0,792811
5090,-5.0,794400
5100,-5.0,796042
5110,-5.0,797535
5120,-5.0,798881
5130,-5.0,800524
5140,-5.0,802100
5150,-5.0,803706
5160,-5.0,805287
5170,-5.0,806799
5180,-5.0,808451
5190,-5.0,809967
5200,-5.0,811540
5210,-5.0,813111
5220,-4.0,814741
5230,-5.0,816466
5240,-5.0,817992
5250,-5.0,819574
5260,-4.0,821251
5270,-4.0,822833
5280,-5.0,824376
5290,-5.0,826200
5300,-5.0,827798
5310,-5.0,829394
5320,-5.0,831030
5330,-5.0,832619
5340,-5.0,833988
5350,-5.0,835583
5360,-5.0,837195
5370,-5.0,839063
5380,-5.0,840893
5390,-5.0,842471
5400,-5.0,843969
5410,-5.0,845577
5420,-5.0,847075
5430,-4.0,848754
5440,-5.0,850343
5450,-5.0,851976
5460,-5.0,853433
5470,-5.0,854958
5480,-5.0,856357
5490,-5.0,857829
5500,-5.0,859442
5510,-5.0,861124
5520,-5.0,862670
5530,-5.0,864327
5540,-5.0,865963
5550,-4.0,867550
5560,-5.0,869132
5570,-5.0,870642
5580,-4.0,872241
5590,-5.0,873902
5600,-5.0,875327
5610,-5.0,876832
5620,-5.0,878546
5630,-5.0,880101
5640,-5.0,881648
5650,-5.0,883354
5660,-5.0,884858
5670,-5.0,886443
5680,-5.0,887819
5690,-5.0,889247
5700,-5.0,890612
5710,-5.0,892119
5720,-5.0,893747
5730,-5.0,895445
5740,-5.0,897039
5750,-5.0,898514
5760,-5.0,900120
5770,-5.0,901719
5780,-5.0,903267
5790,-5.0,904905
5800,-5.0,906540
5810,-5.0,908106
5820,-4.0,909684
5830,-4.0,911264
5840,-5.0,912841
5850,-5.0,914479
5860,-5.0,916035
5870,-5.0,917613
5880,-4.0,919373
5890,-5.0,920737
5900,-5.0,922187
5910,-5.0,923810
5920,-5.0,925427
5930,-5.0,926816
5940,-5.0,928259
5950,-5.0,929779
5960,-5.0,931430
5970,-5.0,933126
5980,-5.0,934910
5990,-5.0,936628
6000,-5.0,938224
6010,-5.0,939876
6020,-5.0,941257
6030,-4.0,942736
6040,-5.0,944075
6050,-5.0,945827
6060,-5.0,947231
6070,-5.0,948805
6080,-5.0,950350
6090,-5.0,951926
6100,-5.0,953729
6110,-5.0,955094
6120,-5.0,956499
6130,-4.0,957988
6140,-5.0,959563
6150,-4.0,961039
6160,-5.0,962720
6170,-5.0,964345
6180,-5.0,965945
6190,-5.0,967631
6200,-5.0,969044
6210,-5.0,970527
6220,-5.0,971877
6230,-5.0,973503
6240,-5.0,975308
6250,-5.0,976795
6260,-5.0,978431
6270,-5.0,979839
6280,-5.0,981301
6290,-5.0,982945
6300,-5.0,984656
6310,-5.0,986427
6320,-5.0,987868
6330,-5.0,989520
6340,-5.0,990881
6350,-4.0,992418
6360,-5.0,993983
6370,-5.0,995440
6380,-5.0,996885
6390,-5.0,998278
6400,-5.0,999912
6410,-5.0,1001771
6420,-5.0,1003203
6430,-5.0,1004828
6440,-5.0,1006357
6450,-5.0,1007817
6460,-5.0,1009503
6470,-5.0,1011199
6480,-5.0,1012676
6490,-5.0,1014285
6500,-5.0,1015935
6510,-5.0,1017426
6520,-5.0,1018803
6530,-4.0,1020701
6540,-5.0,1022268
6550,-5.0,1024054
6560,-5.0,1025542
6570,-4.0,1027027
6580,-5.0,1028599
6590,-5.0,1029986
6600,-5.0,1031591
6610,-5.0,1033274
6620,-5.0,1034778
6630,-5.0,1036368
6640,-5.0,1037777
6650,-5.0,1039343
6660,-5.0,1040854
6670,-5.0,1042411
6680,-5.0,1044106
6690,-5.0,1045828
6700,-4.0,1047345
6710,-5.0,1048986
6720,-5.0,1050510
6730,-5.0,1052157
6740,-5.0,1053697
6750,-4.0,1055277
6760,-5.0,1056968
6770,-5.0,1058631
6780,-5.0,1060330
6790,-5.0,1061865
6800,-5.0,1063321
6810,-5.0,1064757
6820,-5.0,1066202
6830,-5.0,1067671
6840,-5.0,1069203
6850,-5.0,1070919
6860,-5.0,1072507
6870,-5.0,1074087
6880,-5.0,1075745
6890,-5.0,1077238
6900,-5.0,1078620
6910,-5.0,1080170
6920,-5.0,1081686
6930,-5.0,1083214
6940,-5.0,1084601
6950,-5.0,1086226
6960,-5.0,1087646
6970,-5.0,1089224
6980,-5.0,1090715
6990,-4.0,1092207
7000,-5.0,1093728
7010,-5.0,1095065
7020,-5.0,1096523
7030,-5.0,1097913
7040,-5.0,1099510
7050,-5.0,1100960
7060,-5.0,1102502
7070,-4.0,1104083
7080,-5.0,1105812
7090,-5.0,1107220
7100,-5.0,1108833
7110,-5.0,1110382
7120,-5.0,1112098
7130,-5.0,1113532
7140,-4.0,1114986
7150,-5.0,1116530
7160,-4.0,1118115
7170,-5.0,1119749
7180,-5.0,1121330
7190,-5.0,1123003
7200,-5.0,1124698
7210,-4.0,1126167
7220,-4.0,1127583
7230,-5.0,1128921
7240,-5.0,1130406
7250,-5.0,1131692
7260,-4.0,1133157
7270,-5.0,1134503
7280,-5.0,1136291
7290,-5.0,1137792
7300,-4.0,1139206
7310,-5.0,1140686
7320,-5.0,1142276
7330,-3.0,1143671
7340,-5.0,1145198
7350,-5.0,1146733
7360,-4.0,1148182
7370,-5.0,1149604
7380,-5.0,1151037
7390,-5.0,1152616
7400,-5.0,1154208
7410,-5.0,1155662
7420,-4.0,1157383
7430,-5.0,1158887
7440,-5.0,1160308
7450,-5.0,1161906
7460,-5.0,1163531
7470,-5.0,1165010
7480,-3.0,1166773
7490,-5.0,1168575
7500,-5.0,1170077
7510,-5.0,1171571
7520,-4.0,1173224
7530,-5.0,1174811
7540,-5.0,1176305
7550,-5.0,1177726
7560,-5.0,1179353
7570,-5.0,1180812
7580,-5.0,1182468
7590,-4.0,1183929
7600,-4.0,1185457
7610,-5.0,1186805
7620,-5.0,1188292
7630,-3.0,1190026
7640,-5.0,1191637
7650,-5.0,1193017
7660,-5.0,1194468
7670,-5.0,1195937
7680,-5.0,1197475
7690,-5.0,1199020
7700,-5.0,1200645
7710,-5.0,1202144
7720,-3.0,1203681
7730,-5.0,1205057
7740,-5.0,1206492
7750,-5.0,1207911
7760,-5.0,1209335
7770,-5.0,1210821
7780,-5.0,1212427
7790,-5.0,1213965
7800,-5.0,1215565
7810,-5.0,1217130
7820,-5.0,1218896
7830,-5.0,1220566
7840,-5.0,1222294
7850,-5.0,1223847
7860,-4.0,1225532
7870,-4.0,1227074
7880,-5.0,1228479
7890,-5.0,1230111
7900,-5.0,1231607
7910,-2.0,1233308
7920,-5.0,1234873
7930,-5.0,1236595
7940,-5.0,1238185
7950,-5.0,1239688
7960,-5.0,1241352
7970,-5.0,1242991
7980,-5.0,1244525
7990,-5.0,1245866
8000,-5.0,1247318
8010,-5.0,1249027
8020,-5.0,1250559
8030,-5.0,1252365
8040,-5.0,1253924
8050,-5.0,1255151
8060,-4.0,1256684
8070,-5.0,1257920
8080,-5.0,1259410
8090,-5.0,1261245
8100,-5.0,1262864
8110,-5.0,1264275
8120,-5.0,1265818
8130,-5.0,1267290
8140,-5.0,1268852
8150,-5.0,1270473
8160,-5.0,1271984
8170,-4.0,1273450
8180,-5.0,1275024
8190,-5.0,1276740
8200,-5.0,1278368
8210,-5.0,1279776
8220,-5.0,1281392
8230,-5.0,1282965
8240,-5.0,1284565
8250,-5.0,1286137
8260,-5.0,1287681
8270,-5.0,1289393
8280,-5.0,1290944
8290,-5.0,1292520
8300,-5.0,1293945
8310,-4.0,1295500
8320,-4.0,1297113
8330,-5.0,1298417
8340,-5.0,1300189
8350,-5.0,1301887
8360,-5.0,1303530
8370,-5.0,1305266
8380,-5.0,1306770
8390,-5.0,1308454
8400,-5.0,1309849
8410,-5.0,1311352
8420,-4.0,1312739
8430,-5.0,1314282
8440,-5.0,1315956
8450,-5.0,1317571
8460,-5.0,1319097
8470,-3.0,1320685
8480,-5.0,1322331
8490,-5.0,1324105
8500,-5.0,1325859
8510,-5.0,1327353
8520,-5.0,1328904
8530,-5.0,1330520
8540,-5.0,1332202
8550,-5.0,1333938
8560,-5.0,1335297
8570,-5.0,1336833
8580,-4.0,1338504
8590,-5.0,1340064
8600,-5.0,1341611
8610,-5.0,1343101
8620,-5.0,1344799
8630,-4.0,1346346
8640,-5.0,1347898
8650,-5.0,1349664
8660,-5.0,1351228
8670,-5.0,1352874
8680,-5.0,1354520
8690,-5.0,1356259
8700,-5.0,1357719
8710,-5.0,1359133
8720,-4.0,1360793
8730,-5.0,1362022
8740,-5.0,1363716
8750,-5.0,1365333
8760,-5.0,1366846
8770,-5.0,1368381
8780,-5.0,1370085
8790,-5.0,1371491
8800,-5.0,1373194
8810,-4.0,1374691
8820,-5.0,1376230
8830,-5.0,1377683
8840,-5.0,1379314
8850,-5.0,1380881
8860,-5.0,1382387
8870,-4.0,1383857
8880,-4.0,1385522
8890,-5.0,1387161
8900,-5.0,1388670
8910,-5.0,1390203
8920,-5.0,1391857
8930,-5.0,1393399
8940,-5.0,1394892
8950,-5.0,1396491
8960,-3.0,1398135
8970,-5.0,1399835
8980,-5.0,1401348
8990,-5.0,1403000
9000,-5.0,1404653
9010,-5.0,1406103
9020,-5.0,1407728
9030,-5.0,1409296
9040,-5.0,1410773
9050,-5.0,1412154
9060,-5.0,1413734
9070,-5.0,1415361
9080,-5.0,1417007
9090,-5.0,1418463
9100,-5.0,1420109
9110,-5.0,1421627
9120,-5.0,1423201
9130,-4.0,1424951
9140,-5.0,1426493
9150,-5.0,1427969
9160,-5.0,1429595
9170,-5.0,1431092
9180,-4.0,1432734
9190,-5.0,1434472
9200,-5.0,1435794
9210,-5.0,1437248
9220,-5.0,1438981
9230,-5.0,1440503
9240,-5.0,1442027
9250,-5.0,1443550
9260,-4.0,1445017
9270,-5.0,1446709
9280,-5.0,1448354
9290,-5.0,1449888
9300,-5.0,1451470
9310,-5.0,1453155
9320,-5.0,1454756
9330,-5.0,1456319
9340,-5.0,1457869
9350,-4.0,1459560
9360,-5.0,1461411
9370,-5.0,1462993
9380,-5.0,1464581
9390,-5.0,1466028
9400,-5.0,1467500
9410,-5.0,1468914
9420,-5.0,1470518
9430,-5.0,1472112
9440,-5.0,1473499
9450,-5.0,1475014
9460,-5.0,1476552
9470,-5.0,1478121
9480,-4.0,1479718
9490,-5.0,1481426
9500,-5.0,1482992
9510,-5.0,1484583
9520,-5.0,1486254
9530,-5.0,1488005
9540,-5.0,1489531
9550,-5.0,1490942
9560,-5.0,1492499
9570,-5.0,1493896
9580,-5.0,1495467
9590,-5.0,1496921
9600,-5.0,1498612
9610,-5.0,1500051
9620,-5.0,1501694
9630,-5.0,1503317
9640,-5.0,1504916
9650,-5.0,1506558
9660,-5.0,1508054
9670,-5.0,1509633
9680,-5.0,1511252
9690,-5.0,1512927
9700,-5.0,1514629
9710,-5.0,1516197
9720,-5.0,1517870
9730,-5.0,1519393
9740,-4.0,1520973
9750,-5.0,1522509
9760,-5.0,1524032
9770,-5.0,1525674
9780,-5.0,1527123
9790,-5.0,1528772
9800,-5.0,1530202
9810,-4.0,1531747
9820,-4.0,1533413
9830,-5.0,1535088
9840,-5.0,1536861
9850,-5.0,1538324
9860,-5.0,1539755
9870,-5.0,1541508
9880,-5.0,1543028
9890,-5.0,1544607
9900,-5.0,1546137
9910,-5.0,1547795
9920,-5.0,1549387
9930,-5.0,1550928
9940,-5.0,1552502
9950,-4.0,1554070
9960,-4.0,1555704
9970,-4.0,1557183
9980,-5.0,1558646
9990,-4.0,1560342
10000,-5.0,1561940
10010,-4.0,1563468
10020,-5.0,1565087
10030,-5.0,1566708
10040,-5.0,1568338
10050,-5.0,1569981
10060,-5.0,1571572
10070,-5.0,1573158
10080,-4.0,1574781
10090,-5.0,1576257
10100,-4.0,1577686
10110,-5.0,1579194
10120,-5.0,1580746
10130,-5.0,1582304
10140,-5.0,1583694
10150,-5.0,1585326
10160,-5.0,1587031
10170,-5.0,1588550
10180,-4.0,1590564
10190,-5.0,1592416
10200,-5.0,1594011
10210,-5.0,1595496
10220,-5.0,1597032
10230,-5.0,1598483
10240,-5.0,1600051
10250,-5.0,1601450
10260,-5.0,1602964
10270,-5.0,1604547
10280,-5.0,1606131
10290,-5.0,1607718
10300,-5.0,1609336
10310,-5.0,1610747
10320,-5.0,1612461
10330,-4.0,1613979
10340,-5.0,1615542
10350,-5.0,1617181
10360,-4.0,1618728
10370,-5.0,1620263
10380,-5.0,1621940
10390,-5.0,1623618
10400,-4.0,1625100
10410,-5.0,1626628
10420,-5.0,1628125
10430,-5.0,1629531
10440,-5.0,1631214
10450,-5.0,1632760
10460,-5.0,1634276
10470,-5.0,1635740
10480,-5.0,1637210
10490,-5.0,1638809
10500,-5.0,1640426
10510,-5.0,1641945
10520,-4.0,1643694
10530,-5.0,1645335
10540,-5.0,1646888
10550,-5.0,1648440
10560,-5.0,1649934
10570,-5.0,1651539
10580,-5.0,1653208
10590,-5.0,1654712
10600,-5.0,1656202
10610,-5.0,1657645
10620,-5.0,1659354
10630,-5.0,1660881
10640,-5.0,1662334
10650,-4.0,1663896
10660,-5.0,1665321
10670,-5.0,1666857
10680,-3.0,1668678
10690,-5.0,1670258
10700,-4.0,1671931
10710,-5.0,1673481
10720,-5.0,1675062
10730,-5.0,1676572
10740,-5.0,1678070
10750,-5.0,1679523
10760,-5.0,1681065
10770,-5.0,1682525
10780,-4.0,1684278
10790,-5.0,1685919
10800,-5.0,1687597
10810,-5.0,1689224
10820,-5.0,1690720
10830,-5.0,1692166
10840,-5.0,1693579
10850,-4.0,1695077
10860,-5.0,1696589
10870,-5.0,1698134
10880,-4.0,1699716
10890,-5.0,1701228
10900,-5.0,1703057
10910,-5.0,1704518
10920,-5.0,1706145
10930,-5.0,1707770
10940,-5.0,1709227
10950,-4.0,1710989
10960,-5.0,1712558
10970,-5.0,1714097
10980,-4.0,1715564
10990,-5.0,1717011
11000,-5.0,1718358
11010,-5.0,1719916
11020,-4.0,1721516
11030,-5.0,1723519
11040,-5.0,1725066
11050,-5.0,1726807
11060,-5.0,1728229
11070,-4.0,1729684
11080,-5.0,1731249
11090,-4.0,1732785
11100,-5.0,1734362
11110,-4.0,1735966
11120,-5.0,1737465
11130,-5.0,1739051
11140,-5.0,1740455
11150,-5.0,1742036
11160,-5.0,1743760
11170,-4.0,1745327
11180,-5.0,1746841
11190,-5.0,1748511
11200,-5.0,1750137
11210,-5.0,1751595
11220,-5.0,1753186
11230,-5.0,1754693
11240,-5.0,1756097
11250,-5.0,1757750
11260,-5.0,1759319
11270,-5.0,1761021
11280,-5.0,1762544
11290,-5.0,1764179
11300,-5.0,1765767
11310,-5.0,1767253
11320,-3.0,1769139
11330,-5.0,1770628
11340,-4.0,1772453
11350,-5.0,1773847
11360,-4.0,1775533
11370,-5.0,1777254
11380,-5.0,1778890
11390,-5.0,1780576
11400,-5.0,1782081
11410,-5.0,1783494
11420,-4.0,1785030
11430,-5.0,1786406
11440,-5.0,1788062
11450,-5.0,1789498
11460,-5.0,1791017
11470,-5.0,1792638
11480,-4.0,1794128
11490,-5.0,1795761
11500,-5.0,1797252
11510,-5.0,1798954
11520,-5.0,1800362
11530,-5.0,1802054
11540,-5.0,1803586
11550,-5.0,1805226
11560,-5.0,1806830
11570,-5.0,1808326
11580,-4.0,1810198
11590,-5.0,1811852
11600,-5.0,1813286
11610,-5.0,1814865
11620,-5.0,1816364
11630,-5.0,1817893
11640,-5.0,1819393
11650,-4.0,1821200
11660,-5.0,1822556
11670,-5.0,1824057
11680,-4.0,1825598
11690,-5.0,1827213
11700,-5.0,1828967
11710,-5.0,1830623
11720,-5.0,1832065
11730,-5.0,1833502
11740,-5.0,1835095
11750,-5.0,1836580
11760,-5.0,1838341
11770,-5.0,1839713
11780,-5.0,1841214
11790,-5.0,1842953
11800,-5.0,1844579
11810,-5.0,1846151
11820,-5.0,1847581
11830,-5.0,1849099
11840,-5.0,1850591
11850,-5.0,1852253
11860,-5.0,1853689
11870,-5.0,1855384
11880,-5.0,1856817
11890,-5.0,1858631
11900,-5.0,1860212
11910,-5.0,1861832
11920,-5.0,1863390
11930,-5.0,1865042
11940,-5.0,1866561
11950,-5.0,1868063
11960,-5.0,1869680
11970,-5.0,1871319
11980,-5.0,1872854
11990,-5.0,1874511
12000,-4.0,1876116
12010,-5.0,1877581
12020,-5.0,1879114
12030,-5.0,1880682
12040,-5.0,1882215
12050,-4.0,1883780
12060,-5.0,1885245
12070,-5.0,1886833
12080,-4.0,1888383
12090,-4.0,1889684
12100,-5.0,1891362
12110,-5.0,1892805
12120,-5.0,1894422
12130,-5.0,1896009
12140,-5.0,1897799
12150,-5.0,1899333
12160,-5.0,1900916
12170,-5.0,1902575
12180,-5.0,1904062
12190,-5.0,1905634
12200,-5.0,1907410
12210,-5.0,1908995
12220,-5.0,1910519
12230,-5.0,1911989
12240,-4.0,1913573
12250,-5.0,1915271
12260,-5.0,1916880
12270,-4.0,1918503
12280,-5.0,1920206
12290,-5.0,1921604
12300,-5.0,1923153
12310,-5.0,1924675
12320,-5.0,1926253
12330,-5.0,1927913
12340,-4.0,1929348
12350,-5.0,1930839
12360,-5.0,1932279
12370,-5.0,1933750
12380,-5.0,1935211
12390,-5.0,1936694
12400,-5.0,1938190
12410,-5.0,1939633
12420,-5.0,1941144
12430,-5.0,1942760
12440,-4.0,1944436
12450,-5.0,1945951
12460,-5.0,1947627
12470,-5.0,1949175
12480,-5.0,1950719
12490,-5.0,1952170
12500,-5.0,1953618
12510,-5.0,1955023
12520,-5.0,1956382
12530,-5.0,1958179
12540,-5.0,1959570
12550,-5.0,1961153
12560,-4.0,1962705
12570,-5.0,1964378
12580,-4.0,1965877
12590,-5.0,1967351
12600,-5.0,1969112
12610,-5.0,1970736
12620,-5.0,1972212
12630,-5.0,1973793
12640,-5.0,1975329
12650,-5.0,1977096
12660,-5.0,1978712
12670,-5.0,1980201
12680,-5.0,1981779
12690,-5.0,1983181
12700,-5.0,1984786
12710,-5.0,1986327
12720,-5.0,1987968
12730,-5.0,1989604
12740,-4.0,1991287
12750,-5.0,1992876
12760,-5.0,1994642
12770,-5.0,1996443
12780,-4.0,1998089
12790,-5.0,1999646
12800,-5.0,2001179
12810,-5.0,2002704
12820,-5.0,2004323
12830,-4.0,2005912
12840,-5.0,2007555
12850,-5.0,2009116
12860,-5.0,2010616
12870,-5.0,2011993
12880,-5.0,2013501
12890,-5.0,2015193
12900,-3.0,2017004
12910,-5.0,2018510
12920,-5.0,2020129
12930,-5.0,2021524
12940,-5.0,2023149
12950,-5.0,2024758
12960,-5.0,2026296
12970,-5.0,2027775
12980,-5.0,2029247
12990,-5.0,2030701
13000,-4.0,2032150
13010,-5.0,2033713
13020,-5.0,2035244
13030,-5.0,2036770
13040,-4.0,2038195
13050,-4.0,2039790
13060,-4.0,2041254
13070,-5.0,2042813
13080,-4.0,2044553
13090,-5.0,2046179
13100,-5.0,2047821
13110,-5.0,2049414
13120,-5.0,2050814
13130,-5.0,2052430
13140,-5.0,2054046
13150,-5.0,2055742
13160,-5.0,2057326
13170,-5.0,2058761
13180,-4.0,2060407
13190,-5.0,2061811
13200,-5.0,2063475
13210,-4.0,2065003
13220,-5.0,2066551
13230,-5.0,2068168
13240,-5.0,2069730
13250,-5.0,2071376
13260,-5.0,2073069
13270,-4.0,2075203
13280,-4.0,2076807
13290,-5.0,2078149
13300,-5.0,2079639
13310,-4.0,2081332
13320,-5.0,2082934
13330,-5.0,2084562
13340,-4.0,2086230
13350,-5.0,2087759
13360,-5.0,2089504
13370,-5.0,2091086
13380,-5.0,2092711
13390,-5.0,2094281
13400,-5.0,2095953
13410,-5.0,2097390
13420,-5.0,2098923
13430,-5.0,2100314
13440,-5.0,2101797
13450,-5.0,2103476
13460,-5.0,2104948
13470,-5.0,2106412
13480,-5.0,2107781
13490,-4.0,2109478
13500,-5.0,2110963
13510,-5.0,2112481
13520,-5.0,2114162
13530,-5.0,2115599
13540,-5.0,2117192
13550,-5.0,2118871
13560,-4.0,2120654
13570,-5.0,2122314
13580,-5.0,2123766
13590,-5.0,2125438
13600,-5.0,2127156
13610,-5.0,2128650
13620,-3.0,2130347
13630,-5.0,2132024
13640,-5.0,2133716
13650,-5.0,2135341
13660,-5.0,2136767
13670,-4.0,2138358
13680,-5.0,2139934
13690,-4.0,2141451
13700,-4.0,2142967
13710,-5.0,2144588
13720,-5.0,2146141
13730,-4.0,2147665
13740,-3.0,2149226
13750,-3.0,2150867
13760,-4.0,2152499
13770,-5.0,2153887
13780,-5.0,2155583
13790,-5.0,2157127
13800,-5.0,2158745
13810,-5.0,2160250
13820,-5.0,2161867
13830,-5.0,2163388
13840,-5.0,2165008
13850,-5.0,2166539
13860,-5.0,2168197
13870,-5.0,2169798
13880,-5.0,2171342
13890,-4.0,2173087
13900,-5.0,2174597
13910,-5.0,2176159
13920,-5.0,2177742
13930,-5.0,2179166
13940,-5.0,2180738
13950,-5.0,2182245
13960,-5.0,2183654
13970,-5.0,2185269
13980,-4.0,2186768
13990,-4.0,2188228
14000,-4.0,2189846
14010,-5.0,2191656
14020,-5.0,2193412
14030,-5.0,2195200
14040,-5.0,2196829
14050,-5.0,2198280
14060,-5.0,2199825
14070,-5.0,2201390
14080,-5.0,2202837
14090,-5.0,2204478
14100,-5.0,2206255
14110,-5.0,2207989
14120,-5.0,2209604
14130,-4.0,2211346
14140,-3.0,2212800
14150,-5.0,2214323
14160,-5.0,2215737
14170,-5.0,2217323
14180,-5.0,2218872
14190,-5.0,2220521
14200,-5.0,2222208
14210,-5.0,2223586
14220,-5.0,2225127
14230,-5.0,2226516
14240,-5.0,2228103
14250,-5.0,2229627
14260,-5.0,2231223
14270,-5.0,2232825
14280,-5.0,2234347
14290,-5.0,2235934
14300,-4.0,2237563
14310,-3.0,2239058
14320,-5.0,2240624
14330,-5.0,2242168
14340,-5.0,2243827
14350,-5.0,2245271
14360,-5.0,2246734
14370,-5.0,2248389
14380,-4.0,2250055
14390,-5.0,2251786
14400,-5.0,2253326
14410,-3.0,2254856
14420,-5.0,2256383
14430,-3.0,2258100
14440,-5.0,2259716
14450,-5.0,2261144
14460,-5.0,2262524
14470,-5.0,2264138
14480,-5.0,2265629
14490,-4.0,2267284
14500,-5.0,2268947
14510,-5.0,2270609
14520,-5.0,2272188
14530,-5.0,2273772
14540,-5.0,2275226
14550,-5.0,2276759
14560,-5.0,2278223
14570,-5.0,2279829
14580,-5.0,2281542
14590,-5.0,2282939
14600,-3.0,2284517
14610,-5.0,2286294
14620,-5.0,2287959
14630,-5.0,2289462
14640,-5.0,2290994
14650,-5.0,2292613
14660,-5.0,2294329
14670,-5.0,2295872
14680,-5.0,2297399
14690,-5.0,2298970
14700,-5.0,2300661
14710,-5.0,2302364
14720,-5.0,2303735
14730,-5.0,2305146
14740,-5.0,2306737
14750,-4.0,2308194
14760,-4.0,2310054
14770,-5.0,2311705
14780,-5.0,2313196
14790,-5.0,2314883
14800,-5.0,2316395
14810,-5.0,2318220
14820,-5.0,2319840
14830,-5.0,2321462
14840,-5.0,2322840
14850,-5.0,2324401
14860,-5.0,2326142
14870,-5.0,2327645
14880,-5.0,2329062
14890,-4.0,2330602
14900,-5.0,2332420
14910,-5.0,2334108
14920,-5.0,2335807
14930,-5.0,2337076
14940,-5.0,2338603
14950,-5.0,2340235
14960,-4.0,2341822
14970,-5.0,2343302
14980,-5.0,2344869
14990,-5.0,2346360
15000,-5.0,2347908
15010,-5.0,2349572
15020,-5.0,2351186
15030,-5.0,2352466
15040,-4.0,2354042
15050,-5.0,2355554
15060,-5.0,2356934
15070,-5.0,2358501
15080,-4.0,2360217
15090,-5.0,2361728
15100,-5.0,2363211
15110,-5.0,2364587
15120,-5.0,2366291
15130,-5.0,2367697
15140,-5.0,2369297
15150,-5.0,2370745
15160,-5.0,2372272
15170,-5.0,2373828
15180,-5.0,2375621
15190,-5.0,2377121
15200,-5.0,2378680
15210,-5.0,2380339
15220,-5.0,2382080
15230,-5.0,2383674
15240,-5.0,2385137
15250,-5.0,2386860
15260,-5.0,2388394
15270,-5.0,2389864
15280,-5.0,2391572
15290,-5.0,2393186
15300,-5.0,2394961
15310,-5.0,2396485
15320,-5.0,2398011
15330,-5.0,2399499
15340,-5.0,2400932
15350,-5.0,2402503
15360,-5.0,2403985
15370,-5.0,2405445
15380,-4.0,2407050
15390,-5.0,2408499
15400,-5.0,2409965
15410,-4.0,2411832
15420,-5.0,2413361
15430,-4.0,2414899
15440,-5.0,2416465
15450,-4.0,2418206
15460,-5.0,2419794
15470,-5.0,2421485
15480,-3.0,2423160
15490,-5.0,2424910
15500,-5.0,2426519
15510,-5.0,2427913
15520,-4.0,2429470
15530,-5.0,2431108
15540,-5.0,2432789
15550,-5.0,2434110
15560,-5.0,2435699
15570,-5.0,2437267
15580,-5.0,2438906
15590,-5.0,2440380
15600,-5.0,2442050
15610,-5.0,2443872
15620,-5.0,2445543
15630,-5.0,2447135
15640,-5.0,2448524
15650,-5.0,2449990
15660,-5.0,2451526
15670,-5.0,2453253
15680,-5.0,2454746
15690,-5.0,2456300
15700,-5.0,2457787
15710,-4.0,2459222
15720,-5.0,2460835
15730,-5.0,2462441
15740,-5.0,2463971
15750,-5.0,2465317
15760,-5.0,2466893
15770,-5.0,2468450
15780,-5.0,2469939
15790,-5.0,2471323
15800,-5.0,2472784
15810,-5.0,2474209
15820,-4.0,2475698
15830,-5.0,2477391
15840,-4.0,2478899
15850,-5.0,2480495
15860,-5.0,2482088
15870,-5.0,2483801
15880,-5.0,2485357
15890,-5.0,2486885
15900,-5.0,2488452
15910,-5.0,2489993
15920,-5.0,2491661
15930,-5.0,2493252
15940,-5.0,2494922
15950,-4.0,2496645
15960,-4.0,2498080
15970,-5.0,2499701
15980,-5.0,2501243
15990,-5.0,2502698
16000,-5.0,2504225
16010,-5.0,2505791
16020,-5.0,2507296
16030,-5.0,2508811
16040,-5.0,2510118
16050,-5.0,2511704
16060,-5.0,2513360
16070,-5.0,2514897
16080,-5.0,2516382
16090,-5.0,2517880
16100,-5.0,2519576
16110,-5.0,2521312
16120,-5.0,2522863
16130,-5.0,2524436
16140,-5.0,2525981
16150,-5.0,2527720
16160,-5.0,2529130
16170,-5.0,2530672
16180,-4.0,2532361
16190,-5.0,2533901
16200,-5.0,2535537
16210,-5.0,2537074
16220,-5.0,2538540
16230,-5.0,2540102
16240,-5.0,2541773
16250,-4.0,2543211
16260,-5.0,2544925
16270,-5.0,2546514
16280,-5.0,2548247
16290,-5.0,2549771
16300,-5.0,2551257
16310,-5.0,2553008
16320,-5.0,2554484
16330,-5.0,2555988
16340,-5.0,2557671
16350,-4.0,2559362
16360,-5.0,2560773
16370,-5.0,2562269
16380,-5.0,2563744
16390,-5.0,2565387
16400,-5.0,2566968
16410,-5.0,2568694
16420,-5.0,2570225
16430,-5.0,2571783
16440,-5.0,2573198
16450,-5.0,2574811
16460,-5.0,2576522
16470,-5.0,2578153
16480,-5.0,2579713
16490,-4.0,2581094
16500,-5.0,2582617
16510,-5.0,2584241
16520,-4.0,2585778
16530,-5.0,2587493
16540,-5.0,2589301
16550,-5.0,2590681
16560,-5.0,2592286
16570,-4.0,2593863
16580,-5.0,2595587
16590,-5.0,2597158
16600,-4.0,2598547
16610,-5.0,2600175
16620,-5.0,2601650
16630,-5.0,2602981
16640,-4.0,2604569
16650,-5.0,2606265
16660,-5.0,2608125
16670,-5.0,2609722
16680,-5.0,2611120
16690,-5.0,2612789
16700,-5.0,2614501
16710,-5.0,2616125
16720,-5.0,2617834
16730,-5.0,2619518
16740,-5.0,2621186
16750,-5.0,2622707
16760,-4.0,2624227
16770,-5.0,2625867
16780,-5.0,2627326
16790,-5.0,2628805
16800,-5.0,2630249
16810,-5.0,2631982
16820,-5.0,2633572
16830,-5.0,2635168
16840,-4.0,2636806
16850,-5.0,2638190
16860,-5.0,2639898
16870,-4.0,2641450
16880,-5.0,2643081
16890,-5.0,2644706
16900,-5.0,2646113
16910,-5.0,2647822
16920,-4.0,2649580
16930,-5.0,2651325
16940,-5.0,2652842
16950,-5.0,2654645
16960,-5.0,2656308
16970,-4.0,2657965
16980,-5.0,2659294
16990,-5.0,2661089
17000,-4.0,2662769
17010,-5.0,2664264
17020,-5.0,2666190
17030,-5.0,2667774
17040,-5.0,2669643
17050,-5.0,2671259
17060,-5.0,2672720
17070,-5.0,2674407
17080,-5.0,2676063
17090,-5.0,2677355
17100,-5.0,2679094
17110,-5.0,2680655
17120,-5.0,2682362
17130,-5.0,2683911
17140,-5.0,2685346
17150,-4.0,2687027
17160,-5.0,2688449
17170,-5.0,2690123
17180,-5.0,2691593
17190,-5.0,2693156
17200,-5.0,2694702
17210,-4.0,2696125
17220,-5.0,2697746
17230,-5.0,2699484
17240,-5.0,2701215
17250,-4.0,2702856
17260,-5.0,2704692
17270,-5.0,2706169
17280,-5.0,2707649
17290,-5.0,2709310
17300,-5.0,2710623
17310,-5.0,2712157
17320,-4.0,2713672
17330,-5.0,2715266
17340,-5.0,2716838
17350,-5.0,2718492
17360,-5.0,2719943
17370,-5.0,2721527
17380,-4.0,2723199
17390,-5.0,2724579
17400,-5.0,2726284
17410,-5.0,2728083
17420,-4.0,2729741
17430,-5.0,2731400
17440,-5.0,2733004
17450,-5.0,2734597
17460,-5.0,2735996
17470,-5.0,2737527
17480,-5.0,2739367
17490,-5.0,2740943
17500,-5.0,2742589
17510,-5.0,2743956
17520,-5.0,2745308
17530,-5.0,2747014
17540,-5.0,2748508
17550,-5.0,2750173
17560,-5.0,2751683
17570,-5.0,2753237
17580,-5.0,2754799
17590,-5.0,2756443
17600,-5.0,2758085
17610,-5.0,2759913
17620,-5.0,2761674
17630,-5.0,2763322
17640,-5.0,2764698
17650,-5.0,2766299
17660,-5.0,2767798
17670,-5.0,2769469
17680,-5.0,2771176
17690,-5.0,2772933
17700,-5.0,2774770
17710,-4.0,2776203
17720,-5.0,2777904
17730,-5.0,2779553
17740,-5.0,2780958
17750,-5.0,2782385
17760,-5.0,2783896
17770,-5.0,2785461
17780,-5.0,2787043
17790,-5.0,2788573
17800,-5.0,2790050
17810,-5.0,2791590
17820,-5.0,2793107
17830,-5.0,2794674
17840,-4.0,2796222
17850,-5.0,2797711
17860,-5.0,2799192
17870,-3.0,2800865
17880,-5.0,2802374
17890,-4.0,2803728
17900,-5.0,2805286
17910,-5.0,2806669
17920,-5.0,2808221
17930,-5.0,2809936
17940,-5.0,2811644
17950,-5.0,2813189
17960,-5.0,2814927
17970,-5.0,2816822
17980,-5.0,2818445
17990,-5.0,2819996
18000,-5.0,2821669
18010,-5.0,2823305
18020,-5.0,2824957
18030,-5.0,2826491
18040,-5.0,2828013
18050,-5.0,2829395
18060,-4.0,2830985
18070,-5.0,2832568
18080,-5.0,2834154
18090,-5.0,2835753
18100,-5.0,2837415
18110,-5.0,2839011
18120,-5.0,2840629
18130,-5.0,2842011
18140,-4.0,2843539
18150,-4.0,2845189
18160,-5.0,2846664
18170,-5.0,2848167
18180,-5.0,2849727
18190,-5.0,2851176
18200,-5.0,2852786
18210,-5.0,2854328
18220,-5.0,2855974
18230,-5.0,2857474
18240,-5.0,2859128
18250,-5.0,2860774
18260,-5.0,2862633
18270,-4.0,2864268
18280,-4.0,2865734
18290,-5.0,2867370
18300,-5.0,2868820
18310,-5.0,2870610
18320,-4.0,2872313
18330,-5.0,2874034
18340,-5.0,2875625
18350,-5.0,2877136
18360,-5.0,2878719
18370,-5.0,2880166
18380,-4.0,2881954
18390,-5.0,2883489
18400,-5.0,2885119
18410,-4.0,2886624
18420,-3.0,2888205
18430,-4.0,2889894
18440,-5.0,2891423
18450,-5.0,2893111
18460,-4.0,2894593
18470,-4.0,2896259
18480,-5.0,2897935
18490,-5.0,2899435
18500,-5.0,2901006
18510,-5.0,2902780
18520,-5.0,2904476
18530,-5.0,2906072
18540,-5.0,2907581
18550,-5.0,2909081
18560,-5.0,2910788
18570,-4.0,2912358
18580,-5.0,2914074
18590,-5.0,2915918
18600,-5.0,2917412
18610,-5.0,2918901
18620,-5.0,2920333
18630,-5.0,2922041
18640,-5.0,2923498
18650,-5.0,2925047
18660,-5.0,2926686
18670,-5.0,2928294
18680,-4.0,2929877
18690,-5.0,2931506
18700,-5.0,2932848
18710,-5.0,2934601
18720,-5.0,2936060
18730,-4.0,2937714
18740,-5.0,2939319
18750,-5.0,2940907
18760,-4.0,2942634
18770,-5.0,2944113
18780,-5.0,2945635
18790,-5.0,2947122
18800,-4.0,2948715
18810,-5.0,2950210
18820,-5.0,2951818
18830,-5.0,2953354
18840,-5.0,2954975
18850,-4.0,2956568
18860,-5.0,2958178
18870,-5.0,2959679
18880,-5.0,2961065
18890,-4.0,2962556
18900,-5.0,2964124
18910,-4.0,2965477
18920,-5.0,2967263
18930,-5.0,2968889
18940,-4.0,2970747
18950,-5.0,2972320
18960,-4.0,2974059
18970,-5.0,2975660
18980,-5.0,2977246
18990,-5.0,2978695
19000,-5.0,2980135
19010,-4.0,2981570
19020,-5.0,2983142
19030,-4.0,2984725
19040,-5.0,2986434
19050,-5.0,2987972
19060,-5.0,2989463
19070,-5.0,2991104
19080,-4.0,2992640
19090,-5.0,2994028
19100,-5.0,2995606
19110,-4.0,2997264
19120,-4.0,2998957
19130,-5.0,3000643
19140,-5.0,3002221
19150,-5.0,3003956
19160,-5.0,3005464
19170,-3.0,3006961
19180,-4.0,3008641
19190,-5.0,3010233
19200,-5.0,3011811
19210,-5.0,3013328
19220,-5.0,3014934
19230,-3.0,3016679
19240,-5.0,3018324
19250,-4.0,3019825
19260,-5.0,3021516
19270,-5.0,3023137
19280,-5.0,3024742
19290,-5.0,3026161
19300,-5.0,3027707
19310,-5.0,3029278
19320,-4.0,3030816
19330,-5.0,3032272
19340,-5.0,3033687
19350,-5.0,3035193
19360,-5.0,3036934
19370,-5.0,3038367
19380,-5.0,3039938
19390,-5.0,3041570
19400,-5.0,3043272
19410,-5.0,3044867
19420,-5.0,3046289
19430,-4.0,3047775
19440,-5.0,3049552
19450,-5.0,3051117
19460,-5.0,3052432
19470,-5.0,3054028
19480,-5.0,3055593
19490,-4.0,3057204
19500,-4.0,3058715
19510,-5.0,3060302
19520,-5.0,3062063
19530,-5.0,3063516
19540,-5.0,3065029
19550,-5.0,3066687
19560,-4.0,3068176
19570,-5.0,3069891
19580,-5.0,3071486
19590,-5.0,3073068
19600,-5.0,3074665
19610,-5.0,3076138
19620,-5.0,3077771
19630,-5.0,3079487
19640,-5.0,3081109
19650,-5.0,3082859
19660,-5.0,3084512
19670,-5.0,3086002
19680,-5.0,3087649
19690,-5.0,3089282
19700,-5.0,3090962
19710,-5.0,3092419
19720,-4.0,3094242
19730,-4.0,3095778
19740,-4.0,3097296
19750,-5.0,3098830
19760,-5.0,3100328
19770,-5.0,3101847
19780,-5.0,3103350
19790,-5.0,3104927
19800,-5.0,3106574
19810,-5.0,3108127
19820,-5.0,3109880
19830,-5.0,3111422
19840,-5.0,3113081
19850,-5.0,3114941
19860,-5.0,3116515
19870,-5.0,3118000
19880,-5.0,3119498
19890,-5.0,3121062
19900,-5.0,3122417
19910,-5.0,3123835
19920,-5.0,3125354
19930,-5.0,3127047
19940,-5.0,3128833
19950,-5.0,3130243
19960,-5.0,3131945
19970,-5.0,3133815
19980,-5.0,3135313
19990,-5.0,3136975
20000,-5.0,3138598
20010,-4.0,3140225
20020,-5.0,3141742
20030,-5.0,3143301
20040,-5.0,3144999
20050,-5.0,3146539
20060,-5.0,3148346
20070,-5.0,3149801
20080,-5.0,3151316
20090,-5.0,3152876
20100,-5.0,3154545
20110,-5.0,3156069
20120,-5.0,3157504
20130,-5.0,3159053
20140,-5.0,3160699
20150,-5.0,3162410
20160,-3.0,3163849
20170,-5.0,3165368
20180,-5.0,3166979
20190,-5.0,3168459
20200,-5.0,3170127
20210,-5.0,3171740
20220,-5.0,3173552
20230,-4.0,3175178
20240,-5.0,3176739
20250,-5.0,3178226
20260,-5.0,3179769
20270,-5.0,3181317
20280,-5.0,3183028
20290,-3.0,3184866
20300,-5.0,3186433
20310,-5.0,3187998
20320,-5.0,3189552
20330,-4.0,3191160
20340,-5.0,3192922
20350,-5.0,3194565
20360,-5.0,3196223
20370,-5.0,3197668
20380,-5.0,3199159
20390,-5.0,3200667
20400,-5.0,3202304
20410,-5.0,3204112
20420,-4.0,3205826
20430,-5.0,3207394
20440,-5.0,3208962
20450,-5.0,3210642
20460,-5.0,3212291
20470,-4.0,3213816
20480,-5.0,3215490
20490,-5.0,3217128
20500,-5.0,3218618
20510,-5.0,3220053
20520,-5.0,3221706
20530,-4.0,3223213
20540,-4.0,3224878
20550,-5.0,3226396
20560,-5.0,3227983
20570,-5.0,3229627
20580,-3.0,3231185
20590,-5.0,3232683
20600,-5.0,3234430
20610,-5.0,3235975
20620,-5.0,3237414
20630,-5.0,3239240
20640,-5.0,3240822
20650,-5.0,3242386
20660,-3.0,3243985
20670,-4.0,3245490
20680,-5.0,3247070
20690,-5.0,3248616
20700,-5.0,3250054
20710,-5.0,3251766
20720,-5.0,3253379
20730,-5.0,3254928
20740,-5.0,3256351
20750,-5.0,3257935
20760,-4.0,3259542
20770,-5.0,3261318
20780,-5.0,3262931
20790,-4.0,3264564
20800,-5.0,3266351
20810,-5.0,3267776
20820,-5.0,3269206
20830,-5.0,3270663
20840,-5.0,3272255
20850,-5.0,3273922
20860,-4.0,3275581
20870,-5.0,3277203
20880,-5.0,3278631
20890,-5.0,3280198
20900,-5.0,3281927
20910,-5.0,3283443
20920,-5.0,3284805
20930,-5.0,3286399
20940,-5.0,3287998
20950,-5.0,3289532
20960,-5.0,3291063
20970,-5.0,3292484
20980,-4.0,3294185
20990,-5.0,3295620
21000,-5.0,3297292
21010,-5.0,3298707
21020,-5.0,3300400
21030,-4.0,3302349
21040,-5.0,3303954
21050,-5.0,3305524
21060,-5.0,3307217
21070,-5.0,3308693
21080,-4.0,3310213
21090,-5.0,3311738
21100,-5.0,3313095
21110,-5.0,3314709
21120,-4.0,3316422
21130,-5.0,3318084
21140,-5.0,3319695
21150,-5.0,3321125
21160,-5.0,3322533
21170,-5.0,3324009
21180,-5.0,3325422
21190,-5.0,3327061
21200,-5.0,3328712
21210,-5.0,3330207
21220,-5.0,3331742
21230,-5.0,3333361
21240,-4.0,3335035
21250,-5.0,3336692
21260,-5.0,3338189
21270,-5.0,3339740
21280,-5.0,3341345
21290,-5.0,3342992
21300,-5.0,3344612
21310,-4.0,3346156
21320,-4.0,3347883
21330,-2.0,3349498
21340,-5.0,3350968
21350,-5.0,3352451
21360,-4.0,3353953
21370,-5.0,3355467
21380,-5.0,3357191
21390,-5.0,3358911
21400,-5.0,3360461
21410,-5.0,3362004
21420,-5.0,3363460
21430,-5.0,3365029
21440,-4.0,3366467
21450,-5.0,3368055
21460,-5.0,3369743
21470,-4.0,3371420
21480,-5.0,3373314
21490,-4.0,3374975
21500,-4.0,3376607
21510,-5.0,3378147
21520,-4.0,3379664
21530,-5.0,3381233
21540,-5.0,3382949
21550,-5.0,3384661
21560,-5.0,3386348
21570,-5.0,3387930
21580,-5.0,3389614
21590,-5.0,3391116
21600,-5.0,3392734
21610,-5.0,3394493
21620,-5.0,3396108
21630,-5.0,3397656
21640,-5.0,3399371
21650,-5.0,3400756
21660,-5.0,3402350
21670,-5.0,3403989
21680,-5.0,3405513
21690,-5.0,3407208
21700,-5.0,3408574
21710,-5.0,3410543
21720,-5.0,3412005
21730,-5.0,3413617
21740,-5.0,3415046
21750,-5.0,3416605
21760,-5.0,3418078
21770,-5.0,3419597
21780,-5.0,3421124
21790,-5.0,3422636
21800,-4.0,3424163
21810,-4.0,3425773
21820,-5.0,3427469
21830,-5.0,3429169
21840,-5.0,3430564
21850,-4.0,3432154
21860,-5.0,3433863
21870,-5.0,3435366
21880,-5.0,3436821
21890,-4.0,3438379
21900,-5.0,3439991
21910,-5.0,3441516
21920,-5.0,3443157
21930,-5.0,3444970
21940,-4.0,3446639
21950,-5.0,3448093
21960,-5.0,3449719
21970,-5.0,3451388
21980,-5.0,3453115
21990,-5.0,3454794
22000,-5.0,3456459
22010,-5.0,3457868
22020,-5.0,3459482
22030,-5.0,3461002
22040,-5.0,3462650
22050,-5.0,3464305
22060,-5.0,3466001
22070,-5.0,3467566
22080,-5.0,3469179
22090,-4.0,3470757
22100,-5.0,3472464
22110,-5.0,3474234
22120,-5.0,3475972
22130,-4.0,3477729
22140,-5.0,3479244
22150,-5.0,3480761
22160,-5.0,3482498
22170,-5.0,3484208
22180,-5.0,3485767
22190,-5.0,3487221
22200,-5.0,3488679
22210,-3.0,3490194
22220,-5.0,3491800
22230,-4.0,3493356
22240,-5.0,3494734
22250,-5.0,3496171
22260,-5.0,3497920
22270,-5.0,3499204
22280,-5.0,3500749
22290,-5.0,3502221
22300,-5.0,3503716
22310,-5.0,3505315
22320,-5.0,3506813
22330,-4.0,3508297
22340,-5.0,3509720
22350,-5.0,3511296
22360,-5.0,3512805
22370,-5.0,3514408
22380,-5.0,3516030
22390,-5.0,3517519
22400,-5.0,3519198
22410,-5.0,3520747
22420,-5.0,3522402
22430,-5.0,3523703
22440,-5.0,3525260
22450,-5.0,3526943
22460,-5.0,3528521
22470,-5.0,3530120
22480,-5.0,3531669
22490,-5.0,3533217
22500,-5.0,3534813
22510,-4.0,3536419
22520,-5.0,3537870
22530,-5.0,3539378
22540,-5.0,3541186
22550,-5.0,3542834
22560,-5.0,3544350
22570,-4.0,3545897
22580,-4.0,3547431
22590,-5.0,3549138
22600,-5.0,3550732
22610,-5.0,3552393
22620,-5.0,3553955
22630,-5.0,3555598
22640,-4.0,3557189
22650,-5.0,3558707
22660,-5.0,3560263
22670,-5.0,3561764
22680,-4.0,3563447
22690,-5.0,3564834
22700,-5.0,3566587
22710,-4.0,3568317
22720,-5.0,3569611
22730,-5.0,3571126
22740,-5.0,3572652
22750,-5.0,3574410
22760,-5.0,3575899
22770,-5.0,3577429
22780,-5.0,3579020
22790,-5.0,3580650
22800,-5.0,3582445
22810,-5.0,3584001
22820,-4.0,3585736
22830,-5.0,3587228
22840,-5.0,3588763
22850,-5.0,3590466
22860,-5.0,3591905
22870,-3.0,3593514
22880,-5.0,3595230
22890,-5.0,3596754
22900,-4.0,3598337
22910,-5.0,3599786
22920,-4.0,3601208
22930,-5.0,3602832
22940,-5.0,3604577
22950,-4.0,3606022
22960,-5.0,3607615
22970,-5.0,3609206
22980,-5.0,3610827
22990,-5.0,3612628
23000,-5.0,3614112
23010,-5.0,3615930
23020,-5.0,3617468
23030,-5.0,3619019
23040,-2.0,3620422
23050,-5.0,3621978
23060,-5.0,3623486
23070,-5.0,3625180
23080,-5.0,3626716
23090,-5.0,3628209
23100,-5.0,3629829
23110,-5.0,3631353
23120,-5.0,3632652
23130,-5.0,3633943
23140,-5.0,3635383
23150,-5.0,3636883
23160,-5.0,3638648
23170,-5.0,3640391
23180,-5.0,3642039
23190,-5.0,3643544
23200,-4.0,3645063
23210,-5.0,3646632
23220,-5.0,3648100
23230,-5.0,3649856
23240,-5.0,3651349
23250,-5.0,3653078
23260,-4.0,3654558
23270,-4.0,3656242
23280,-5.0,3657733
23290,-5.0,3659300
23300,-5.0,3661034
23310,-4.0,3662567
23320,-5.0,3664228
23330,-5.0,3665760
23340,-5.0,3667490
23350,-5.0,3669150
23360,-5.0,3670606
23370,-5.0,3672155
23380,-5.0,3673779
23390,-3.0,3675386
23400,-5.0,3676941
23410,-5.0,3678617
23420,-4.0,3680203
23430,-5.0,3681760
23440,-5.0,3683452
23450,-5.0,3685034
23460,-5.0,3686906
23470,-5.0,3688262
23480,-4.0,3689987
23490,-4.0,3691636
23500,-5.0,3693271
23510,-5.0,3694863
23520,-5.0,3696295
23530,-5.0,3697895
23540,-5.0,3699608
23550,-5.0,3701078
23560,-4.0,3702660
23570,-4.0,3704103
23580,-5.0,3705705
23590,-5.0,3707373
23600,-5.0,3708990
23610,-5.0,3710522
23620,-5.0,3712159
23630,-5.0,3713646
23640,-5.0,3715113
23650,-4.0,3716891
23660,-5.0,3718561
23670,-5.0,3720117
23680,-4.0,3721559
23690,-5.0,3723176
23700,-5.0,3724744
23710,-5.0,3726244
23720,-5.0,3727696
23730,-5.0,3729293
23740,-5.0,3730748
23750,-5.0,3732308
23760,-5.0,3734096
23770,-5.0,3735749
23780,-4.0,3737414
23790,-5.0,3739070
23800,-5.0,3740574
23810,-5.0,3742115
23820,-5.0,3743753
23830,-4.0,3745208
23840,-5.0,3746944
23850,-5.0,3748556
23860,-4.0,3750098
23870,-5.0,3751825
23880,-4.0,3753471
23890,-4.0,3755165
23900,-5.0,3756706
23910,-5.0,3758392
23920,-5.0,3759806
23930,-5.0,3761195
23940,-5.0,3762744
23950,-5.0,3764337
23960,-5.0,3765828
23970,-5.0,3767294
23980,-5.0,3768894
23990,-4.0,3770429
24000,-4.0,3772452
24010,-5.0,3774058
24020,-4.0,3775725
24030,-5.0,3777251
24040,-3.0,3778687
24050,-5.0,3780191
24060,-5.0,3781808
24070,-5.0,3783388
24080,-5.0,3784897
24090,-5.0,3786512
24100,-5.0,3787963
24110,-5.0,3789402
24120,-5.0,3791038
24130,-5.0,3792521
24140,-5.0,3793937
24150,-5.0,3795470
24160,-5.0,3796998
24170,-4.0,3798563
24180,-5.0,3800023
24190,-4.0,3801860
24200,-5.0,3803426
24210,-5.0,3805095
24220,-4.0,3806665
24230,-5.0,3808142
24240,-4.0,3809767
24250,-5.0,3811267
24260,-5.0,3812937
24270,-5.0,3814478
24280,-5.0,3815973
24290,-5.0,3817615
24300,-4.0,3819232
24310,-4.0,3820806
24320,-4.0,3822522
24330,-5.0,3824159
24340,-5.0,3825890
24350,-4.0,3827575
24360,-5.0,3829124
24370,-4.0,3830896
24380,-5.0,3832145
24390,-5.0,3833916
24400,-5.0,3835458
24410,-3.0,3836965
24420,-5.0,3838551
24430,-5.0,3840040
24440,-5.0,3841524
24450,-5.0,3843089
24460,-5.0,3844431
24470,-5.0,3846203
24480,-3.0,3847653
24490,-5.0,3849378
24500,-4.0,3851095
24510,-5.0,3852883
24520,-5.0,3854586
24530,-4.0,3856158
24540,-5.0,3857590
24550,-5.0,3858992
24560,-5.0,3860389
24570,-5.0,3862108
24580,-5.0,3863541
24590,-4.0,3864976
24600,-5.0,3866463
24610,-5.0,3868109
24620,-5.0,3869696
24630,-4.0,3871141
24640,-5.0,3872743
24650,-5.0,3874349
24660,-5.0,3876136
24670,-4.0,3877853
24680,-5.0,3879336
24690,-5.0,3880931
24700,-5.0,3882636
24710,-5.0,3884263
24720,-4.0,3885854
24730,-5.0,3887408
24740,-5.0,3889296
24750,-4.0,3890933
24760,-5.0,3892501
24770,-5.0,3894075
24780,-5.0,3895440
24790,-5.0,3896950
24800,-5.0,3898314
24810,-5.0,3899710
24820,-5.0,3901135
24830,-5.0,3902875
24840,-5.0,3904626
24850,-4.0,3906289
24860,-5.0,3907908
24870,-5.0,3909785
24880,-3.0,3911607
24890,-5.0,3913165
24900,-5.0,3914651
24910,-5.0,3916294
24920,-5.0,3917787
24930,-5.0,3919527
24940,-4.0,3921169
24950,-5.0,3922745
24960,-5.0,3924171
24970,-5.0,3925701
24980,-5.0,3927304
24990,-4.0,3929198
25000,-5.0,3930584
25010,-5.0,3932050
25020,-5.0,3933575
25030,-5.0,3935001
25040,-5.0,3936504
25050,-5.0,3938080
25060,-5.0,3939784
25070,-4.0,3941518
25080,-4.0,3943044
25090,-5.0,3944448
25100,-4.0,3946027
25110,-4.0,3947591
25120,-4.0,3949342
25130,-5.0,3950949
25140,-5.0,3952465
25150,-5.0,3954047
25160,-5.0,3955527
25170,-4.0,3957178
25180,-5.0,3958738
25190,-5.0,3960422
25200,-5.0,3961996
25210,-5.0,3963532
25220,-5.0,3965104
25230,-5.0,3966507
25240,-5.0,3968322
25250,-5.0,3969946
25260,-5.0,3971297
25270,-4.0,3972867
25280,-4.0,3974156
25290,-5.0,3975646
25300,-5.0,3977127
25310,-5.0,3978658
25320,-5.0,3980294
25330,-5.0,3981793
25340,-5.0,3983279
25350,-5.0,3984918
25360,-5.0,3986528
25370,-5.0,3988160
25380,-5.0,3989730
25390,-5.0,3991278
25400,-5.0,3992741
25410,-5.0,3994169
25420,-5.0,3995719
25430,-5.0,3997470
25440,-5.0,3999041
25450,-5.0,4000538
25460,-5.0,4002170
25470,-5.0,4003796
25480,-5.0,4005273
25490,-5.0,4006693
25500,-5.0,4008320
25510,-5.0,4009868
25520,-4.0,4011521
25530,-5.0,4013150
25540,-5.0,4014712
25550,-5.0,4016531
25560,-5.0,4018082
25570,-5.0,4019539
25580,-4.0,4021088
25590,-5.0,4022900
25600,-4.0,4024565
25610,-4.0,4026338
25620,-5.0,4027803
25630,-5.0,4029448
25640,-5.0,4030941
25650,-5.0,4032400
25660,-5.0,4033948
25670,-5.0,4035560
25680,-5.0,4037229
25690,-5.0,4038838
25700,-4.0,4040489
25710,-5.0,4042012
25720,-5.0,4043477
25730,-5.0,4045275
25740,-5.0,4046755
25750,-5.0,4048399
25760,-5.0,4049801
25770,-5.0,4051304
25780,-5.0,4052888
25790,-5.0,4054315
25800,-5.0,4056019
25810,-5.0,4057622
25820,-5.0,4059228
25830,-5.0,4060713
25840,-5.0,4062175
25850,-5.0,4063672
25860,-5.0,4065207
25870,-5.0,4066873
25880,-5.0,4068319
25890,-4.0,4069835
25900,-5.0,4071498
25910,-5.0,4073045
                   